col,win,n_a,n_b,n_bal,n_drop,n_add,drop_pop_share,add_pop_share,biggest_drop,d_unbal,d_bal,disc,retained_a,dropped_a,keep_col
account_t_d,2011-2014,77,77,77,0,0,0.0,0.0,-,13.359070596721033,13.359070596721033,0.0,42.34459801434721,,True
account_t_d,2014-2017,77,77,77,0,0,0.0,0.0,-,9.531850627102195,9.531850627102195,0.0,55.703668611068245,,True
account_t_d,2017-2021,77,77,77,0,0,0.0,0.0,-,5.419774722814196,5.419774722814196,0.0,65.23551923817044,,True
account_t_d,2021-2024,77,77,77,0,0,0.0,0.0,-,4.614463327439935,4.614463327439935,0.0,70.65529396098464,,True
borrow_any_t_d,2014-2017,77,77,77,0,0,0.0,0.0,-,-3.3378375222702417,-3.3378375222702417,0.0,47.751962927054215,,False
borrow_any_t_d,2017-2021,77,77,77,0,0,0.0,0.0,-,5.05382593657513,5.05382593657513,0.0,44.414125404783974,,False
borrow_any_t_d,2021-2024,77,76,76,1,0,2.7282561035419177,0.0,Russian Federation (2.7%),10.123674166526158,10.166697995574935,-0.043023829048777884,49.424927512310326,51.0018993,False
fh1,2021-2024,74,71,69,5,2,31.694831346528773,2.2398233966227536,China (27.2%),-1.4006199379651285,1.8146774601486015,-3.21529739811373,17.88003872306673,28.306230026247697,True
fh1_fh2,2021-2024,74,71,69,5,2,31.694831346528773,2.2398233966227536,China (27.2%),-0.8498474264758329,2.697863485062932,-3.547710911538765,29.394341085447223,40.38114684950058,True
fh2,2021-2024,74,71,69,5,2,31.694831346528773,2.2398233966227536,China (27.2%),-0.6716568370017804,2.717989841425993,-3.3896466784277735,21.693523702247102,32.02656664350631,True
fiaccount_t_d,2011-2014,77,77,77,0,0,0.0,0.0,-,12.39793545732637,12.39793545732637,0.0,42.34459801434721,,True
fiaccount_t_d,2014-2017,77,77,77,0,0,0.0,0.0,-,8.8209872157043,8.8209872157043,0.0,54.74253347167358,,True
fiaccount_t_d,2017-2021,77,77,77,0,0,0.0,0.0,-,4.40053558288168,4.40053558288168,0.0,63.56352068737788,,True
fiaccount_t_d,2021-2024,77,77,77,0,0,0.0,0.0,-,3.0300508359463265,3.0300508359463265,0.0,67.96405627025956,,True
fin10,2011-2014,77,77,77,0,0,0.0,0.0,-,3.14274109106237,3.14274109106237,0.0,6.906111951763282,,False
fin10,2014-2017,77,77,77,0,0,0.0,0.0,-,0.6105168904184914,0.6105168904184914,0.0,10.048853042825652,,False
fin10,2017-2021,77,77,77,0,0,0.0,0.0,-,5.794983822028023,5.794983822028023,0.0,10.659369933244143,,False
fin10,2021-2024,77,77,77,0,0,0.0,0.0,-,1.8202831581669763,1.8202831581669763,0.0,16.454353755272166,,False
fin17a,2011-2014,77,77,77,0,0,0.0,0.0,-,4.5608421274075255,4.5608421274075255,0.0,17.638516389249883,,False
fin17a,2014-2017,77,77,77,0,0,0.0,0.0,-,-1.2097025798961134,-1.2097025798961134,0.0,22.19935851665741,,False
fin17a,2017-2021,77,77,77,0,0,0.0,0.0,-,1.497137844793592,1.497137844793592,0.0,20.989655936761295,,False
fin17a,2021-2024,77,76,76,1,0,2.7282561035419177,0.0,Russian Federation (2.7%),11.218134656596511,11.090274025448153,0.12786063114835855,22.614654412703246,17.9281211,False
fin17a_17a1_d,2011-2014,77,77,77,0,0,0.0,0.0,-,4.5608421274075255,4.5608421274075255,0.0,17.638516389249883,,True
fin17a_17a1_d,2014-2017,77,77,77,0,0,0.0,0.0,-,-1.2097025798961134,-1.2097025798961134,0.0,22.19935851665741,,True
fin17a_17a1_d,2017-2021,77,77,77,0,0,0.0,0.0,-,3.2677709509456143,3.2677709509456143,0.0,20.989655936761295,,True
fin17a_17a1_d,2021-2024,77,76,76,1,0,2.7282561035419177,0.0,Russian Federation (2.7%),13.700640171846512,13.548033122212313,0.1526070496341987,24.410033937341108,18.816459,True
fin17b,2021-2024,61,61,58,3,3,4.076701800099988,1.0245924089159346,Russian Federation (3.9%),9.119097676380182,9.052774654018599,0.06632302236158338,5.4282314657973805,2.3039368724314646,False
fin17c,2014-2017,77,77,77,0,0,0.0,0.0,-,1.1958454673240393,1.1958454673240393,0.0,8.976960710035335,,False
fin17c,2017-2021,77,77,77,0,0,0.0,0.0,-,-1.4569213717546603,-1.4569213717546603,0.0,10.172806177359375,,False
fin17c,2021-2024,77,76,76,1,0,2.7282561035419177,0.0,Russian Federation (2.7%),7.683231166569973,7.480500967742161,0.20273019882781185,8.918615004432526,1.4878537,False
fin22a_22a1_22g_d,2014-2017,77,77,77,0,0,0.0,0.0,-,-0.04849647360447484,-0.04849647360447484,0.0,15.675199715024856,,True
fin22a_22a1_22g_d,2017-2021,77,77,77,0,0,0.0,0.0,-,6.957551125090076,6.957551125090076,0.0,15.626703241420381,,True
fin22a_22a1_22g_d,2021-2024,77,76,76,1,0,2.7282561035419177,0.0,Russian Federation (2.7%),0.6534431081871972,0.8833182962021766,-0.22987518801497941,22.354379178495478,30.780098,True
fin24aSD_ND,2021-2024,77,76,76,1,0,2.7282561035419177,0.0,Russian Federation (2.7%),-0.21808619430576925,0.31592237553876856,-0.5340085698445378,54.20987552694518,73.7831322,False
fin24bor,2021-2024,77,76,76,1,0,2.7282561035419177,0.0,Russian Federation (2.7%),2.5781092259620273,2.795409603342083,-0.21730037738005592,5.021154277453604,12.9859629,False
fin24sav,2021-2024,77,76,76,1,0,2.7282561035419177,0.0,Russian Federation (2.7%),2.344829909200296,2.198001624788045,0.14682828441225126,18.0583240524174,12.6765608,False
fin24sell,2021-2024,77,76,76,1,0,2.7282561035419177,0.0,Russian Federation (2.7%),5.606695065614382,5.55562746869423,0.05106759692015128,3.898141235071301,2.0263375999999997,False
fin24work,2021-2024,77,76,76,1,0,2.7282561035419177,0.0,Russian Federation (2.7%),-4.889296237641073,-4.961949357057129,0.07265311941605646,26.71850311505546,24.0555156,False
fin25e2,2021-2024,77,76,76,1,0,2.7282561035419177,0.0,Russian Federation (2.7%),2.206227717977576,3.1672744335689416,-0.9610467155913653,34.08588869685408,69.3115669,False
fin26a,2017-2021,77,77,77,0,0,0.0,0.0,-,12.80494532553077,12.80494532553077,0.0,16.285656095826205,,False
fin26a,2021-2024,77,76,76,1,0,2.7282561035419177,0.0,Russian Federation (2.7%),5.483554136700047,6.310282845370761,-0.8267287086707142,28.26387271268626,58.566332499999994,False
fin2_t_d,2011-2014,77,77,77,0,0,0.0,0.0,-,8.852239106785039,8.852239106785039,0.0,24.007855979411996,,False
fin2_t_d,2014-2017,77,77,77,0,0,0.0,0.0,-,8.702811468234422,8.702811468234422,0.0,32.860095086197035,,False
fin2_t_d,2017-2021,77,77,77,0,0,0.0,0.0,-,3.150638263757976,3.150638263757976,0.0,41.56290655443146,,False
fin2_t_d,2021-2024,77,77,77,0,0,0.0,0.0,-,5.792850115706557,5.792850115706557,0.0,44.71354481818943,,False
fin30,2014-2017,77,77,77,0,0,0.0,0.0,-,-2.7788596487504122,-2.7788596487504122,0.0,56.997727629492836,,False
fin30,2017-2021,77,77,77,0,0,0.0,0.0,-,-5.130936437348744,-5.130936437348744,0.0,54.218867980742424,,False
fin30,2021-2024,77,71,71,6,0,32.25013138390797,0.0,China (26.4%),-3.7633829239626166,0.3989013641587533,-4.16228428812137,44.92564725527231,57.83190254636932,False
fin31a,2014-2017,77,77,77,0,0,0.0,0.0,-,6.311157561670055,6.311157561670055,0.0,7.656267104745491,,False
fin31a,2017-2021,77,77,77,0,0,0.0,0.0,-,1.7906805410918825,1.7906805410918825,0.0,13.967424666415546,,False
fin31a,2021-2024,77,71,71,6,0,32.25013138390797,0.0,China (26.4%),-3.814266493359117,0.42919523679649885,-4.243461730155616,11.514643477351813,24.672610741550304,False
fin31a_31b,2014-2017,77,77,77,0,0,0.0,0.0,-,6.91947994329273,6.91947994329273,0.0,8.24469177275779,,False
fin31a_31b,2017-2021,77,77,77,0,0,0.0,0.0,-,3.1918837276607146,3.1918837276607146,0.0,15.16417171605052,,False
fin31a_31b,2021-2024,77,71,71,6,0,32.25013138390797,0.0,China (26.4%),-0.7264315038558209,2.818609703843814,-3.5450412076996347,14.8110142360116,25.8033452919667,False
fin31a_31b_s,2017-2021,39,47,38,1,9,0.7875767645123798,13.052505263016283,Ghana (0.8%),8.218782460073761,10.169600966006143,-1.9508185059323822,36.28496934895825,29.162523800000002,False
fin31a_31b_s,2021-2024,47,50,41,6,9,51.397656068072926,48.21469054494621,China (42.7%),-2.412395067430708,5.0227147319080885,-7.435109799338797,44.37211595602551,44.519089831055545,False
fin31a_s,2021-2024,39,36,31,8,5,58.07068796451173,3.149388844510444,China (44.5%),-2.101754965473802,1.9986322156536858,-4.100387181127488,35.10103260694638,41.50495600174487,False
fin31b,2014-2017,77,77,77,0,0,0.0,0.0,-,6.040699499353619,6.040699499353619,0.0,1.1277465225412575,,False
fin31b,2017-2021,77,77,77,0,0,0.0,0.0,-,0.7995227668466267,0.7995227668466267,0.0,7.1684460218948765,,False
fin31b,2021-2024,77,71,71,6,0,32.25013138390797,0.0,China (26.4%),6.49686391438215,5.229266447519359,1.2675974668627905,9.235566255604294,5.305047487251953,False
fin31d,2014-2017,77,77,77,0,0,0.0,0.0,-,-13.786175192754364,-13.786175192754364,0.0,48.33816869286534,,True
fin31d,2017-2021,77,77,77,0,0,0.0,0.0,-,-14.076074397740193,-14.076074397740193,0.0,34.551993500110974,,True
fin31d,2021-2024,77,71,71,6,0,32.25013138390797,0.0,China (26.4%),6.103235191572182,-0.37513017381671787,6.4783653653889,26.95428446775968,6.866411682777963,True
fin31d_s,2014-2017,69,67,65,4,2,2.5555385184632926,0.6865908928180082,"Iran, Islamic Rep. (1.6%)",-20.914098533665452,-22.027738963296073,1.113640429630621,87.11583971075912,39.442177906270885,False
fin31d_s,2017-2021,67,61,59,8,2,30.57028733794081,0.5008972456428248,China (28.6%),-5.556727513625525,-9.986803867625312,4.430076353999787,69.46163166590887,54.81273671151663,False
fin31d_s,2021-2024,61,59,54,7,5,7.472452649429157,2.9119703131736694,Russian Federation (4.1%),1.3067967149696003,-0.13401368434029592,1.4408103993098962,61.18648543737248,37.636111188906504,False
fin32,2014-2017,77,77,77,0,0,0.0,0.0,-,-0.18530128188845651,-0.18530128188845651,0.0,28.364516200910213,,False
fin32,2017-2021,77,77,77,0,0,0.0,0.0,-,2.8457473989451145,2.8457473989451145,0.0,28.179214919021756,,False
fin32,2021-2024,77,71,71,6,0,32.25013138390797,0.0,China (26.4%),2.0098204219065856,8.384441793899853,-6.374621371993268,24.650340945973603,44.416528240249384,False
fin32_acc,2014-2017,77,77,77,0,0,0.0,0.0,-,2.3231047855377636,2.3231047855377636,0.0,12.036046035678494,,True
fin32_acc,2017-2021,77,77,77,0,0,0.0,0.0,-,5.283136278786245,5.283136278786245,0.0,14.359150821216257,,True
fin32_acc,2021-2024,77,71,71,6,0,32.25013138390797,0.0,China (26.4%),-3.211604493892146,4.399172690669326,-7.6107771845614725,12.03150991544103,35.630722873559584,True
fin34a,2014-2017,77,77,77,0,0,0.0,0.0,-,4.7898189442230255,4.7898189442230255,0.0,8.30950183163267,,False
fin34a,2017-2021,77,77,77,0,0,0.0,0.0,-,5.240361507394326,5.240361507394326,0.0,13.099320775855695,,False
fin34a,2021-2024,77,71,71,6,0,32.25013138390797,0.0,China (26.4%),-4.281284109369475,3.549657331544246,-7.830941440913721,10.5087408423363,34.79063088394143,False
fin34a_s,2017-2021,36,40,33,3,7,0.7294403173178843,9.96731068964879,Tajikistan (0.3%),12.995430969326357,14.357949335288716,-1.3625183659623588,58.779910953685366,49.11318537904353,False
fin34a_s,2021-2024,40,42,32,8,10,64.85625848775723,64.03670955306205,China (50.3%),-23.770545633960452,7.451704090841027,-31.22224972480148,63.54579602428121,76.12597424496094,False
fin34b,2014-2017,77,77,77,0,0,0.0,0.0,-,3.497492049616436,3.497492049616436,0.0,0.39113441311799513,,False
fin34b,2017-2021,77,77,77,0,0,0.0,0.0,-,-0.8815263934439632,-0.8815263934439632,0.0,3.888626462734431,,False
fin34b,2021-2024,77,71,71,6,0,32.25013138390797,0.0,China (26.4%),5.111637206613134,4.331102749618216,0.7805344569949177,3.787634526285386,1.3673825040428167,False
fin34c,2014-2017,77,77,77,0,0,0.0,0.0,-,-4.166331817406867,-4.166331817406867,0.0,15.935990696605984,,True
fin34c,2017-2021,77,77,77,0,0,0.0,0.0,-,-3.8147077514768695,-3.8147077514768695,0.0,11.769658879199117,,True
fin34c,2021-2024,77,71,71,6,0,32.25013138390797,0.0,China (26.4%),7.274438312512761,4.764277030364257,2.5101612821485046,10.465112409870752,2.6816982827549407,True
fin34c_s,2014-2017,51,39,36,15,3,43.01707598125995,2.6460617816876897,China (31.4%),-8.767165996633352,-12.485689640074199,3.7185236434408466,66.74084701301068,57.8530145325146,False
fin34d,2014-2017,77,77,77,0,0,0.0,0.0,-,-5.013632518850776,-5.013632518850776,0.0,5.96870718146549,,False
fin34d,2017-2021,77,77,77,0,0,0.0,0.0,-,-0.5432649830267773,-0.5432649830267773,0.0,0.9550746626147142,,False
fin34d,2021-2024,77,71,71,6,0,32.25013138390797,0.0,China (26.4%),-0.2838571640010086,-0.1487061994081574,-0.13515096459285117,0.2766587149950857,0.695729766160751,False
fin37,2014-2017,77,77,77,0,0,0.0,0.0,-,-0.595491448140022,-0.595491448140022,0.0,12.980684145463814,,False
fin37,2017-2021,77,77,77,0,0,0.0,0.0,-,4.189335543052074,4.189335543052074,0.0,12.385192697323792,,False
fin37,2021-2024,77,71,71,6,0,32.25013138390797,0.0,China (26.4%),-0.024469497304007604,0.561017668464773,-0.5854871657687806,15.989041074607085,17.804497758485656,False
fin37_38,2017-2021,77,77,77,0,0,0.0,0.0,-,3.7697629949985263,3.7697629949985263,0.0,16.376547738627746,,False
fin37_38,2021-2024,77,71,71,6,0,32.25013138390797,0.0,China (26.4%),-0.07347354694927333,0.10405851301138469,-0.17753205996065802,19.968778673665614,20.51926343866488,False
fin37_38_39c,2017-2021,77,77,77,0,0,0.0,0.0,-,-0.06565804875858783,-0.06565804875858783,0.0,3.102570744120959,,False
fin37_38_39c,2021-2024,77,71,71,6,0,32.25013138390797,0.0,China (26.4%),-0.40724132298745275,-1.2376344671873887,0.8303931441999359,3.8673058395623072,1.2924538666668373,False
fin37_38_39d,2017-2021,77,77,77,0,0,0.0,0.0,-,-0.37425805483244745,-0.37425805483244745,0.0,1.335255304027923,,False
fin37_38_39d,2021-2024,77,71,71,6,0,32.25013138390797,0.0,China (26.4%),-0.3937890217131217,-0.26694989669658153,-0.12683912501654016,0.8341581241789353,1.2274561343688402,False
fin37_39c,2014-2017,77,77,77,0,0,0.0,0.0,-,-2.595666480158464,-2.595666480158464,0.0,4.8069825027140505,,False
fin37_39c,2017-2021,77,77,77,0,0,0.0,0.0,-,0.41650260982950016,0.41650260982950016,0.0,2.2113160225555863,,False
fin37_39c,2021-2024,77,71,71,6,0,32.25013138390797,0.0,China (26.4%),-0.4741385160673328,-1.2419334170661758,0.767794900998843,3.3956135333839295,1.0148638494246458,False
fin37_39d,2014-2017,77,77,77,0,0,0.0,0.0,-,-2.4700898658972275,-2.4700898658972275,0.0,3.5582340223744118,,False
fin37_39d,2017-2021,77,77,77,0,0,0.0,0.0,-,-0.27632945631324957,-0.27632945631324957,0.0,1.0881441564771843,,False
fin37_39d,2021-2024,77,71,71,6,0,32.25013138390797,0.0,China (26.4%),-0.3320776434176202,-0.22419402765662239,-0.10788361576099781,0.703931084402937,1.0384525611583124,False
fin38,2017-2021,77,77,77,0,0,0.0,0.0,-,-0.07223810952712562,-0.07223810952712562,0.0,6.960651700440355,,False
fin38,2021-2024,77,71,71,6,0,32.25013138390797,0.0,China (26.4%),-1.34968921586814,-0.9018446641269087,-0.4478445517412313,6.440569039171998,7.829228658601324,False
fin38_39c,2017-2021,77,77,77,0,0,0.0,0.0,-,-0.612404565834093,-0.612404565834093,0.0,1.4359056667572063,,False
fin38_39c,2021-2024,77,71,71,6,0,32.25013138390797,0.0,China (26.4%),-0.1096049785014972,-0.1580701668926764,0.04846518839117919,0.8719662893142925,0.7216872476128927,False
fin38_39d,2017-2021,77,77,77,0,0,0.0,0.0,-,-0.16918915870512716,-0.16918915870512716,0.0,0.4054392252611709,,False
fin38_39d,2021-2024,77,71,71,6,0,32.25013138390797,0.0,China (26.4%),-0.07982953310165322,-0.06753894243150282,-0.012290590670150398,0.22395947588589332,0.2620696792951204,False
fin42,2014-2017,77,77,77,0,0,0.0,0.0,-,-9.82538491284059,-9.82538491284059,0.0,24.55405851543143,,True
fin42,2017-2021,77,77,77,0,0,0.0,0.0,-,-3.9177827293728242,-3.9177827293728242,0.0,14.728673602590838,,True
fin42,2021-2024,77,71,71,6,0,32.25013138390797,0.0,China (26.4%),2.599094374576975,0.25587272419542373,2.343221650381551,13.154112523599565,5.88833855670416,True
fin43a,2014-2017,77,77,77,0,0,0.0,0.0,-,0.38708139239378303,0.38708139239378303,0.0,1.7388514767262881,,False
fin43a,2017-2021,77,77,77,0,0,0.0,0.0,-,-0.06193788007754231,-0.06193788007754231,0.0,2.125932869120071,,False
fin43a,2021-2024,77,71,71,6,0,32.25013138390797,0.0,China (26.4%),0.8623083456512002,0.9089050184908483,-0.04659667283964808,2.017398316202881,2.1618835348364325,False
fin43b,2017-2021,77,77,77,0,0,0.0,0.0,-,-0.16139788309933556,-0.16139788309933556,0.0,1.0118688840603942,,False
fin43b,2021-2024,77,71,71,6,0,32.25013138390797,0.0,China (26.4%),1.3171934700741006,0.9779081135103938,0.33928535656370684,1.1897563575247654,0.13771302621293793,False
fin43c,2014-2017,77,77,77,0,0,0.0,0.0,-,-10.817548519242557,-10.817548519242557,0.0,21.542520040939603,,True
fin43c,2017-2021,77,77,77,0,0,0.0,0.0,-,-4.117199730955836,-4.117199730955836,0.0,10.724971521697046,,True
fin43c,2021-2024,77,71,71,6,0,32.25013138390797,0.0,China (26.4%),2.196147265767813,-0.31048483786575076,2.5066321036335637,9.114403894374774,1.341932911871079,True
fin43c_s,2014-2017,52,37,37,15,0,35.69983189565086,0.0,India (28.4%),-10.661804552521943,-15.893214066332035,5.2314095138100924,92.52713697860626,77.87325981441883,False
fin43d,2017-2021,77,77,77,0,0,0.0,0.0,-,-0.11175556591134084,-0.11175556591134084,0.0,0.1883217568278702,,False
fin43d,2021-2024,77,71,71,6,0,32.25013138390797,0.0,China (26.4%),-0.034694188254250385,-0.012374077498484612,-0.022320110755765774,0.054246080160763585,0.1234554439616905,False
fing2p_acc,2017-2021,77,77,77,0,0,0.0,0.0,-,2.1625756925304405,2.1625756925304405,0.0,12.76361051816316,,False
fing2p_acc,2021-2024,77,71,71,6,0,32.25013138390797,0.0,China (26.4%),2.093475910853904,2.9929812986713493,-0.8995053878174453,14.026680822876155,16.8158334533249,False
g20_any,2014-2017,77,77,77,0,0,0.0,0.0,-,10.23553621968015,10.23553621968015,0.0,35.11979943923096,,True
g20_any,2017-2021,77,77,77,0,0,0.0,0.0,-,11.024737125181872,11.024737125181872,0.0,45.35533565891111,,True
g20_any,2021-2024,77,76,76,1,0,2.7282561035419177,0.0,Russian Federation (2.7%),4.516286083945367,5.386748064321324,-0.870461980375957,55.509610803717024,87.4150459,True
inactive_t_d,2014-2017,77,77,77,0,0,0.0,0.0,-,4.025307494721227,4.025307494721227,0.0,7.025992280521624,,False
inactive_t_d,2017-2021,77,77,77,0,0,0.0,0.0,-,-2.1667616843343893,-2.1667616843343893,0.0,11.051299775242851,,False
inactive_t_d,2021-2024,77,76,76,1,0,2.7282561035419177,0.0,Russian Federation (2.7%),-2.7364989060853375,-2.9501075635204934,0.2136086574351559,9.098146748343618,1.2686524,False
merchant_pay,2021-2024,77,76,76,1,0,2.7282561035419177,0.0,Russian Federation (2.7%),2.8131114277745937,3.7789375784183576,-0.965826150643764,35.64613151081732,71.04699249999999,True
mobileaccount_t_d,2014-2017,57,59,54,3,5,1.0788562864789544,1.6256175286898722,Nepal (0.7%),4.168478828354637,4.204529146732937,-0.036050318378300084,3.9710994169831855,0.3242665011118253,True
mobileaccount_t_d,2017-2021,59,61,57,2,4,0.5180327398458092,4.8535590262324,Ecuador (0.4%),10.027717784982382,9.52710054165126,0.5006172433311225,8.127602851788202,2.8444053788274513,True
mobileaccount_t_d,2021-2024,61,62,59,2,3,0.18005042432458357,0.9871425113174076,Georgia (0.1%),9.781491151141555,9.779853068571104,0.0016380825704516155,18.14417423695772,9.134313322365479,True
save_any_t_d,2014-2017,77,77,77,0,0,0.0,0.0,-,-9.572863221326806,-9.572863221326806,0.0,53.128920110118315,,True
save_any_t_d,2017-2021,77,77,77,0,0,0.0,0.0,-,-1.1562974095637273,-1.1562974095637273,0.0,43.55605688879151,,True
save_any_t_d,2021-2024,77,76,76,1,0,2.7282561035419177,0.0,Russian Federation (2.7%),10.605744683322769,10.463264460224956,0.14248022309781305,42.542239702325595,37.3198479,True
